"category","title","url","model","resolution","image_size","aspect_ratio","duration","mode","quality","output_format","sound","multi_shots","image_refs"
"image","Bytedance - V1 Lite Image to Video","https://docs.kie.ai/market/bytedance/v1-lite-image-to-video.md","","720p","","","","","","","","","yes"
"image","Bytedance V1 Pro Fast Image to Video","https://docs.kie.ai/market/bytedance/v1-pro-fast-image-to-video.md","fast, pro","720p","","","","","","","","","yes"
"image","Bytedance V1 Pro Image to Video","https://docs.kie.ai/market/bytedance/v1-pro-image-to-video.md","pro","720p","","","","","","","","","yes"
"image","Flux-2 - Image to Image","https://docs.kie.ai/market/flux2/flex-image-to-image.md","","1K","","1:1","","","","","","",""
"image","Flux-2 - Pro Image to Image","https://docs.kie.ai/market/flux2/pro-image-to-image.md","pro","1K","","1:1","","","","","","",""
"image","Flux-2 - Pro Text to Image","https://docs.kie.ai/market/flux2/pro-text-to-image.md","pro","1K","","1:1","","","","","","",""
"image","Flux-2 - Text to Image","https://docs.kie.ai/market/flux2/flex-text-to-image.md","","1K","","1:1","","","","","","",""
"image","Generate 4o Image","https://docs.kie.ai/4o-image-api/generate-4-o-image.md","","","1:1","","","","","","","",""
"image","Generate or Edit Image","https://docs.kie.ai/flux-kontext-api/generate-or-edit-image.md","pro","","","","","","","","","",""
"image","Google - imagen4","https://docs.kie.ai/market/google/imagen4.md","","","","1:1","","","","","","",""
"image","Google - imagen4-fast","https://docs.kie.ai/market/google/imagen4-fast.md","fast","","","16:9","","","","","","",""
"image","Google - imagen4-ultra","https://docs.kie.ai/market/google/imagen4-ultra.md","","","","1:1","","","","","","",""
"image","GPT Image-1.5 - Image to Image","https://docs.kie.ai/market/gpt-image/1-5-image-to-image.md","","","","3:2","","","","","","",""
"image","GPT Image-1.5 - Text to Image","https://docs.kie.ai/market/gpt-image/1-5-text-to-image.md","","","","1:1","","","","","","",""
"image","Grok Imagine - image to image","https://docs.kie.ai/market/grok-imagine/image-to-image.md","","","","","","","","","","",""
"image","Grok Imagine - Text to Image","https://docs.kie.ai/market/grok-imagine/text-to-image.md","","","","3:2","","","","","","",""
"image","Grok Imagine Image to Video","https://docs.kie.ai/market/grok-imagine/image-to-video.md","","480p","","","","","","","","",""
"image","Hailuo 2.3 Pro Image to Video","https://docs.kie.ai/market/hailuo/2-3-image-to-video-pro.md","pro","768P","","","","","","","","","yes"
"image","Hailuo 2.3 Standard Image to Video","https://docs.kie.ai/market/hailuo/2-3-image-to-video-standard.md","standard","768P","","","","","","","","","yes"
"image","Hailuo Pro Image to Video","https://docs.kie.ai/market/hailuo/02-image-to-video-pro.md","pro","","","","","","","","","","yes"
"image","Hailuo Standard Image to Video","https://docs.kie.ai/market/hailuo/02-image-to-video-standard.md","standard","768P","","","","","","","","","yes"
"image","Ideogram - Character","https://docs.kie.ai/market/ideogram/character.md","","","","","","","","","","",""
"image","Ideogram - Character Edit","https://docs.kie.ai/market/ideogram/character-edit.md","","","","","","","","","","","yes"
"image","Ideogram - Character Remix","https://docs.kie.ai/market/ideogram/character-remix.md","","","","","","","","","","","yes"
"image","Ideogram - V3 Reframe","https://docs.kie.ai/market/ideogram/v3-reframe.md","","","","","","","","","","","yes"
"image","Kling - V2.5 Turbo Image to Video Pro","https://docs.kie.ai/market/kling/v25-turbo-image-to-video-pro.md","master","","","","","","","","","","yes"
"image","Kling 2.6 Image to Video","https://docs.kie.ai/market/kling/image-to-video.md","","","","","","","","","false","",""
"image","Kling V2.1 Master Image to Video","https://docs.kie.ai/market/kling/v2-1-master-image-to-video.md","master","","","","","","","","","","yes"
"image","Qwen - Image Edit","https://docs.kie.ai/market/qwen/image-edit.md","","","","","","","","","","","yes"
"image","Qwen - Image to Image","https://docs.kie.ai/market/qwen/image-to-image.md","","","","","","","","","","","yes"
"image","Qwen - Text to Image","https://docs.kie.ai/market/qwen/text-to-image.md","","","","","","","","","","",""
"image","Recraft - Crisp Upscale","https://docs.kie.ai/market/recraft/crisp-upscale.md","","","","","","","","","","",""
"image","Recraft - Remove Background","https://docs.kie.ai/market/recraft/remove-background.md","","","","","","","","","","",""
"image","Seedream3.0 - Text to Image","https://docs.kie.ai/market/seedream/seedream.md","","","","","","","","","","",""
"image","Seedream4.0 - Edit","https://docs.kie.ai/market/seedream/seedream-v4-edit.md","","","","","","","","","","",""
"image","Seedream4.0 - Text to Image","https://docs.kie.ai/market/seedream/seedream-v4-text-to-image.md","","","","","","","","","","",""
"image","Seedream4.5 - Edit","https://docs.kie.ai/market/seedream/4-5-edit.md","","","","1:1","","","","","","",""
"image","Seedream4.5 - Text to Image","https://docs.kie.ai/market/seedream/4-5-text-to-image.md","","","","1:1","","","","","","",""
"image","Sora2 - Image to Video","https://docs.kie.ai/market/sora2/sora-2-image-to-video.md","","","","landscape","","","","","","",""
"image","Sora2 - Pro Image to Video","https://docs.kie.ai/market/sora2/sora-2-pro-image-to-video.md","pro","","standard","landscape","","","","","","","yes"
"image","Topaz - Image Upscale","https://docs.kie.ai/market/topaz/image-upscale.md","","","","","","","","","","","yes"
"image","Wan - 2.6-flash-image-to-video","https://docs.kie.ai/market/wan/2-6-flash-image-to-video.md","","1080p","","","","","","","","false","yes"
"image","Wan - Image to Video","https://docs.kie.ai/market/wan/2-2-a14b-image-to-video-turbo.md","turbo","720p","","","","","","","","","yes"
"image","Wan 2.6 - Image to Video","https://docs.kie.ai/market/wan/2-6-image-to-video.md","","1080p","","","","","","","","",""
"image","Z-Image","https://docs.kie.ai/market/z-image/z-image.md","","","","1:1","","","","","","",""
